#{"t_start": 1626442518.4549904, "env_id": "BeamRiderNoFrameskip-v4"}
r,l,t
176.0,3808,108.065998
396.0,6073,210.819803
