#{"t_start": 1626442520.0446696, "env_id": "BeamRiderNoFrameskip-v4"}
r,l,t
308.0,3927,108.516862
484.0,6265,214.607536
