#{"t_start": 1626442534.290059, "env_id": "BeamRiderNoFrameskip-v4"}
r,l,t
220.0,5530,121.873531
220.0,4145,191.678895
