#{"t_start": 1626442537.4540424, "env_id": "BeamRiderNoFrameskip-v4"}
r,l,t
264.0,5559,119.154956
264.0,5039,204.68925
