#{"t_start": 1626442539.0442176, "env_id": "BeamRiderNoFrameskip-v4"}
r,l,t
396.0,4899,105.809089
264.0,4433,180.41821
