#{"t_start": 1626442540.6254656, "env_id": "BeamRiderNoFrameskip-v4"}
r,l,t
264.0,3316,77.586036
484.0,6309,184.249809
