#{"t_start": 1626442542.203241, "env_id": "BeamRiderNoFrameskip-v4"}
r,l,t
572.0,7397,145.50081
88.0,4401,222.673214
