#{"t_start": 1626442521.6303813, "env_id": "BeamRiderNoFrameskip-v4"}
r,l,t
396.0,6291,147.265354
220.0,3665,208.92806
