#{"t_start": 1626442523.212621, "env_id": "BeamRiderNoFrameskip-v4"}
r,l,t
132.0,3815,103.168991
308.0,4803,184.344817
