#{"t_start": 1626442526.374398, "env_id": "BeamRiderNoFrameskip-v4"}
r,l,t
220.0,5093,121.992075
264.0,5999,225.01086
