#{"t_start": 1626442527.9601085, "env_id": "BeamRiderNoFrameskip-v4"}
r,l,t
396.0,5305,124.103051
440.0,5309,214.48128
