#{"t_start": 1626442529.5483, "env_id": "BeamRiderNoFrameskip-v4"}
r,l,t
220.0,3862,97.901696
484.0,4856,179.861698
