#{"t_start": 1626442532.7073233, "env_id": "BeamRiderNoFrameskip-v4"}
r,l,t
484.0,6861,145.964571
264.0,3711,209.100177
